<?xml version="1.0" encoding="utf-8"?><SecureBrowser><Messages><Message Language="ARA" Culture="ar-SA" Key="SecureBrowserTitle">متصفح آمن</Message><Message Language="BGR" Culture="bg-BG" Key="SecureBrowserTitle">Secure Browser</Message><Message Language="CAT" Culture="ca-ES" Key="SecureBrowserTitle" /><Message Language="CHT" Culture="zh-TW" Key="SecureBrowserTitle">安全瀏覽器</Message><Message Language="CHS" Culture="zh-CN" Key="SecureBrowserTitle">安全浏览器</Message><Message Language="CSY" Culture="cs-CZ" Key="SecureBrowserTitle">bezpečn&amp;#253; prohl&amp;#237;žeč</Message><Message Language="DAN" Culture="da-DK" Key="SecureBrowserTitle" /><Message Language="DEU" Culture="de-DE" Key="SecureBrowserTitle">Sicherer Browser</Message><Message Language="DES" Culture="de-CH" Key="SecureBrowserTitle" /><Message Language="ELL" Culture="el-GR" Key="SecureBrowserTitle" /><Message Language="ENU" Culture="en-US" Key="SecureBrowserTitle">Secure Browser</Message><Message Language="ENG" Culture="en-GB" Key="SecureBrowserTitle">Secure Browser</Message><Message Language="ESP" Culture="es-ES" Key="SecureBrowserTitle" /><Message Language="ESM" Culture="es-MX" Key="SecureBrowserTitle">Navegador seguro</Message><Message Language="ESN" Culture="es-ES" Key="SecureBrowserTitle">Secure Browser</Message><Message Language="FIN" Culture="fi-FI" Key="SecureBrowserTitle">turvallista selainta</Message><Message Language="FRA" Culture="fr-FR" Key="SecureBrowserTitle">Navigateur s&amp;#233;curis&amp;#233;</Message><Message Language="FRB" Culture="fr-BE" Key="SecureBrowserTitle" /><Message Language="FRC" Culture="fr-CA" Key="SecureBrowserTitle">Navigateur s&amp;#233;curis&amp;#233;</Message><Message Language="FRS" Culture="fr-CH" Key="SecureBrowserTitle" /><Message Language="HEB" Culture="he-IL" Key="SecureBrowserTitle" /><Message Language="HUN" Culture="hu-HU" Key="SecureBrowserTitle" /><Message Language="ISL" Culture="is-IS" Key="SecureBrowserTitle" /><Message Language="ITA" Culture="it-IT" Key="SecureBrowserTitle">Secure Browser</Message><Message Language="ITS" Culture="it-CH" Key="SecureBrowserTitle" /><Message Language="JPN" Culture="ja-JP" Key="SecureBrowserTitle">安全なブラウザ</Message><Message Language="KOR" Culture="ko-KR" Key="SecureBrowserTitle">보안 브라우저</Message><Message Language="NLD" Culture="nl-NL" Key="SecureBrowserTitle">Beveiligde browser</Message><Message Language="NLB" Culture="nl-BE" Key="SecureBrowserTitle" /><Message Language="NOR" Culture="nb-NO" Key="SecureBrowserTitle" /><Message Language="NON" Culture="nn-NO" Key="SecureBrowserTitle" /><Message Language="PLK" Culture="pl-PL" Key="SecureBrowserTitle">Bezpieczna przeglądarka</Message><Message Language="PTB" Culture="pt-BR" Key="SecureBrowserTitle" /><Message Language="PTG" Culture="pt-PT" Key="SecureBrowserTitle" /><Message Language="RMS" Culture="" Key="SecureBrowserTitle" /><Message Language="ROM" Culture="ro-RO" Key="SecureBrowserTitle">Secure Browser</Message><Message Language="RUS" Culture="ru-RU" Key="SecureBrowserTitle">Безопасный браузер</Message><Message Language="SHL" Culture="" Key="SecureBrowserTitle" /><Message Language="SHC" Culture="" Key="SecureBrowserTitle" /><Message Language="SKY" Culture="sk-SK" Key="SecureBrowserTitle" /><Message Language="SQI" Culture="sq-AL" Key="SecureBrowserTitle" /><Message Language="SVE" Culture="sv-SE" Key="SecureBrowserTitle">S&amp;#228;kert webbl&amp;#228;sare</Message><Message Language="THA" Culture="th-TH" Key="SecureBrowserTitle" /><Message Language="TRK" Culture="tr-TR" Key="SecureBrowserTitle" /><Message Language="URD" Culture="ur-PK" Key="SecureBrowserTitle" /><Message Language="BAH" Culture="" Key="SecureBrowserTitle" /><Message Language="ENC" Culture="en-CA" Key="SecureBrowserTitle">Secure Browser</Message><Message Language="UKR" Culture="uk-UA" Key="SecureBrowserTitle" /><Message Language="ESX" Culture="es-410" Key="SecureBrowserTitle">Navegador Seguro</Message><Message Language="COL" Culture="es-CO" Key="SecureBrowserTitle" /><Message Language="EGY" Culture="ar-EG" Key="SecureBrowserTitle" /><Message Language="SVK" Culture="sk-SK" Key="SecureBrowserTitle" /><Message Language="EST" Culture="es-US" Key="SecureBrowserTitle">Secure Browser</Message><Message Language="ENI" Culture="en-IE" Key="SecureBrowserTitle">Secure Browser</Message><Message Language="ZHH" Culture="zh-HK" Key="SecureBrowserTitle" /><Message Language="ESL" Culture="es-CL" Key="SecureBrowserTitle" /><Message Language="IND" Culture="id-ID" Key="SecureBrowserTitle" /><Message Language="VIE" Culture="vi" Key="SecureBrowserTitle" /><Message Language="LVI" Culture="lv-LV" Key="SecureBrowserTitle" /><Message Language="SLV" Culture="sl-SI" Key="SecureBrowserTitle" /><Message Language="LTH" Culture="lt-LT" Key="SecureBrowserTitle" /><Message Language="MSL" Culture="ms-MY" Key="SecureBrowserTitle" /><Message Language="ETI" Culture="et-EE" Key="SecureBrowserTitle" /><Message Language="RUE" Culture="ru-EE" Key="SecureBrowserTitle" /><Message Language="ENA" Culture="en-AU" Key="SecureBrowserTitle" /><Message Language="AMH" Culture="" Key="SecureBrowserTitle" /><Message Language="AFR" Culture="" Key="SecureBrowserTitle" /><Message Language="AKA" Culture="" Key="SecureBrowserTitle" /><Message Language="ARM" Culture="" Key="SecureBrowserTitle" /><Message Language="ASM" Culture="" Key="SecureBrowserTitle" /><Message Language="AZE" Culture="" Key="SecureBrowserTitle" /><Message Language="BAK" Culture="" Key="SecureBrowserTitle" /><Message Language="BAM" Culture="" Key="SecureBrowserTitle" /><Message Language="BAQ" Culture="" Key="SecureBrowserTitle" /><Message Language="BEL" Culture="" Key="SecureBrowserTitle" /><Message Language="BEM" Culture="" Key="SecureBrowserTitle" /><Message Language="BEN" Culture="" Key="SecureBrowserTitle" /><Message Language="BER" Culture="" Key="SecureBrowserTitle" /><Message Language="BIK" Culture="" Key="SecureBrowserTitle" /><Message Language="BOS" Culture="" Key="SecureBrowserTitle" /><Message Language="BUR" Culture="" Key="SecureBrowserTitle" /><Message Language="CEB" Culture="" Key="SecureBrowserTitle" /><Message Language="CHV" Culture="" Key="SecureBrowserTitle" /><Message Language="DYU" Culture="" Key="SecureBrowserTitle" /><Message Language="EFI" Culture="" Key="SecureBrowserTitle" /><Message Language="EWE" Culture="" Key="SecureBrowserTitle" /><Message Language="FAS" Culture="" Key="SecureBrowserTitle" /><Message Language="FIJ" Culture="" Key="SecureBrowserTitle" /><Message Language="FUL" Culture="" Key="SecureBrowserTitle" /><Message Language="GAA" Culture="" Key="SecureBrowserTitle" /><Message Language="GEO" Culture="" Key="SecureBrowserTitle" /><Message Language="GLG" Culture="" Key="SecureBrowserTitle" /><Message Language="GRN" Culture="" Key="SecureBrowserTitle" /><Message Language="GUJ" Culture="" Key="SecureBrowserTitle" /><Message Language="GWI" Culture="" Key="SecureBrowserTitle" /><Message Language="HAU" Culture="" Key="SecureBrowserTitle" /><Message Language="HIL" Culture="" Key="SecureBrowserTitle" /><Message Language="HIN" Culture="" Key="SecureBrowserTitle" /><Message Language="HRV" Culture="" Key="SecureBrowserTitle" /><Message Language="IBO" Culture="" Key="SecureBrowserTitle" /><Message Language="ILO" Culture="" Key="SecureBrowserTitle" /><Message Language="IPK" Culture="" Key="SecureBrowserTitle" /><Message Language="JAV" Culture="" Key="SecureBrowserTitle" /><Message Language="KAN" Culture="" Key="SecureBrowserTitle" /><Message Language="KAS" Culture="" Key="SecureBrowserTitle" /><Message Language="KAU" Culture="" Key="SecureBrowserTitle" /><Message Language="KAZ" Culture="" Key="SecureBrowserTitle" /><Message Language="KHM" Culture="" Key="SecureBrowserTitle" /><Message Language="KIK" Culture="" Key="SecureBrowserTitle" /><Message Language="KIN" Culture="" Key="SecureBrowserTitle" /><Message Language="KOK" Culture="" Key="SecureBrowserTitle" /><Message Language="KOS" Culture="" Key="SecureBrowserTitle" /><Message Language="KRU" Culture="" Key="SecureBrowserTitle" /><Message Language="KUR" Culture="" Key="SecureBrowserTitle" /><Message Language="LAO" Culture="" Key="SecureBrowserTitle" /><Message Language="LIN" Culture="" Key="SecureBrowserTitle" /><Message Language="LTZ" Culture="" Key="SecureBrowserTitle" /><Message Language="LUA" Culture="" Key="SecureBrowserTitle" /><Message Language="LUG" Culture="" Key="SecureBrowserTitle" /><Message Language="LUO" Culture="" Key="SecureBrowserTitle" /><Message Language="MAC" Culture="" Key="SecureBrowserTitle" /><Message Language="MAD" Culture="" Key="SecureBrowserTitle" /><Message Language="MAH" Culture="" Key="SecureBrowserTitle" /><Message Language="MAL" Culture="" Key="SecureBrowserTitle" /><Message Language="MAN" Culture="" Key="SecureBrowserTitle" /><Message Language="MAR" Culture="" Key="SecureBrowserTitle" /><Message Language="MEN" Culture="" Key="SecureBrowserTitle" /><Message Language="MIN" Culture="" Key="SecureBrowserTitle" /><Message Language="MLG" Culture="" Key="SecureBrowserTitle" /><Message Language="MLT" Culture="" Key="SecureBrowserTitle" /><Message Language="MON" Culture="" Key="SecureBrowserTitle" /><Message Language="MOS" Culture="" Key="SecureBrowserTitle" /><Message Language="NAU" Culture="" Key="SecureBrowserTitle" /><Message Language="NEP" Culture="" Key="SecureBrowserTitle" /><Message Language="NYA" Culture="" Key="SecureBrowserTitle" /><Message Language="ORI" Culture="" Key="SecureBrowserTitle" /><Message Language="ORM" Culture="" Key="SecureBrowserTitle" /><Message Language="PAN" Culture="" Key="SecureBrowserTitle" /><Message Language="PAU" Culture="" Key="SecureBrowserTitle" /><Message Language="PON" Culture="" Key="SecureBrowserTitle" /><Message Language="PUS" Culture="" Key="SecureBrowserTitle" /><Message Language="SAT" Culture="" Key="SecureBrowserTitle" /><Message Language="SIN" Culture="" Key="SecureBrowserTitle" /><Message Language="SMO" Culture="" Key="SecureBrowserTitle" /><Message Language="SNA" Culture="" Key="SecureBrowserTitle" /><Message Language="SND" Culture="" Key="SecureBrowserTitle" /><Message Language="SOM" Culture="" Key="SecureBrowserTitle" /><Message Language="SRP" Culture="" Key="SecureBrowserTitle" /><Message Language="SUN" Culture="" Key="SecureBrowserTitle" /><Message Language="SWA" Culture="" Key="SecureBrowserTitle" /><Message Language="TAM" Culture="" Key="SecureBrowserTitle" /><Message Language="TAT" Culture="" Key="SecureBrowserTitle" /><Message Language="TEL" Culture="" Key="SecureBrowserTitle" /><Message Language="TGK" Culture="" Key="SecureBrowserTitle" /><Message Language="TGL" Culture="" Key="SecureBrowserTitle" /><Message Language="TIB" Culture="" Key="SecureBrowserTitle" /><Message Language="TIR" Culture="" Key="SecureBrowserTitle" /><Message Language="TON" Culture="" Key="SecureBrowserTitle" /><Message Language="TUK" Culture="" Key="SecureBrowserTitle" /><Message Language="TWI" Culture="" Key="SecureBrowserTitle" /><Message Language="UIG" Culture="" Key="SecureBrowserTitle" /><Message Language="UZB" Culture="" Key="SecureBrowserTitle" /><Message Language="WOL" Culture="" Key="SecureBrowserTitle" /><Message Language="XHO" Culture="" Key="SecureBrowserTitle" /><Message Language="YAP" Culture="" Key="SecureBrowserTitle" /><Message Language="YID" Culture="" Key="SecureBrowserTitle" /><Message Language="YOR" Culture="" Key="SecureBrowserTitle" /><Message Language="YPK" Culture="" Key="SecureBrowserTitle" /><Message Language="ZHA" Culture="" Key="SecureBrowserTitle" /><Message Language="ZUL" Culture="" Key="SecureBrowserTitle" /><Message Language="SVF" Culture="sv-FI" Key="SecureBrowserTitle" /><Message Language="ENE" Culture="en-SG" Key="SecureBrowserTitle" /><Message Language="ARA" Culture="ar-SA" Key="UnableDownloadConfig" /><Message Language="BGR" Culture="bg-BG" Key="UnableDownloadConfig">Конфигурацията не може да се изтегли</Message><Message Language="CAT" Culture="ca-ES" Key="UnableDownloadConfig" /><Message Language="CHT" Culture="zh-TW" Key="UnableDownloadConfig">無法下載設定</Message><Message Language="CHS" Culture="zh-CN" Key="UnableDownloadConfig">无法下载配置</Message><Message Language="CSY" Culture="cs-CZ" Key="UnableDownloadConfig" /><Message Language="DAN" Culture="da-DK" Key="UnableDownloadConfig" /><Message Language="DEU" Culture="de-DE" Key="UnableDownloadConfig">Konfiguration kann nicht heruntergeladen werden</Message><Message Language="DES" Culture="de-CH" Key="UnableDownloadConfig" /><Message Language="ELL" Culture="el-GR" Key="UnableDownloadConfig" /><Message Language="ENU" Culture="en-US" Key="UnableDownloadConfig">Unable to download configuration</Message><Message Language="ENG" Culture="en-GB" Key="UnableDownloadConfig" /><Message Language="ESP" Culture="es-ES" Key="UnableDownloadConfig" /><Message Language="ESM" Culture="es-MX" Key="UnableDownloadConfig">No se puede descargar la configuraci&amp;#243;n</Message><Message Language="ESN" Culture="es-ES" Key="UnableDownloadConfig" /><Message Language="FIN" Culture="fi-FI" Key="UnableDownloadConfig">Konfigurointia ei voi ladata</Message><Message Language="FRA" Culture="fr-FR" Key="UnableDownloadConfig">Impossible de t&amp;#233;l&amp;#233;charger la configuration</Message><Message Language="FRB" Culture="fr-BE" Key="UnableDownloadConfig" /><Message Language="FRC" Culture="fr-CA" Key="UnableDownloadConfig" /><Message Language="FRS" Culture="fr-CH" Key="UnableDownloadConfig" /><Message Language="HEB" Culture="he-IL" Key="UnableDownloadConfig" /><Message Language="HUN" Culture="hu-HU" Key="UnableDownloadConfig" /><Message Language="ISL" Culture="is-IS" Key="UnableDownloadConfig" /><Message Language="ITA" Culture="it-IT" Key="UnableDownloadConfig" /><Message Language="ITS" Culture="it-CH" Key="UnableDownloadConfig" /><Message Language="JPN" Culture="ja-JP" Key="UnableDownloadConfig">設定をダウンロードできません</Message><Message Language="KOR" Culture="ko-KR" Key="UnableDownloadConfig">구성을 다운로드할 수 없음</Message><Message Language="NLD" Culture="nl-NL" Key="UnableDownloadConfig">Kan configuratie niet downloaden</Message><Message Language="NLB" Culture="nl-BE" Key="UnableDownloadConfig" /><Message Language="NOR" Culture="nb-NO" Key="UnableDownloadConfig" /><Message Language="NON" Culture="nn-NO" Key="UnableDownloadConfig" /><Message Language="PLK" Culture="pl-PL" Key="UnableDownloadConfig">Nie można pobrać konfiguracji</Message><Message Language="PTB" Culture="pt-BR" Key="UnableDownloadConfig" /><Message Language="PTG" Culture="pt-PT" Key="UnableDownloadConfig" /><Message Language="RMS" Culture="" Key="UnableDownloadConfig" /><Message Language="ROM" Culture="ro-RO" Key="UnableDownloadConfig">Imposibil de descărcat configurația</Message><Message Language="RUS" Culture="ru-RU" Key="UnableDownloadConfig">Не удалось загрузить конфигурацию</Message><Message Language="SHL" Culture="" Key="UnableDownloadConfig" /><Message Language="SHC" Culture="" Key="UnableDownloadConfig" /><Message Language="SKY" Culture="sk-SK" Key="UnableDownloadConfig" /><Message Language="SQI" Culture="sq-AL" Key="UnableDownloadConfig" /><Message Language="SVE" Culture="sv-SE" Key="UnableDownloadConfig" /><Message Language="THA" Culture="th-TH" Key="UnableDownloadConfig" /><Message Language="TRK" Culture="tr-TR" Key="UnableDownloadConfig" /><Message Language="URD" Culture="ur-PK" Key="UnableDownloadConfig" /><Message Language="BAH" Culture="" Key="UnableDownloadConfig" /><Message Language="ENC" Culture="en-CA" Key="UnableDownloadConfig" /><Message Language="UKR" Culture="uk-UA" Key="UnableDownloadConfig" /><Message Language="ESX" Culture="es-410" Key="UnableDownloadConfig" /><Message Language="COL" Culture="es-CO" Key="UnableDownloadConfig" /><Message Language="EGY" Culture="ar-EG" Key="UnableDownloadConfig" /><Message Language="SVK" Culture="sk-SK" Key="UnableDownloadConfig" /><Message Language="EST" Culture="es-US" Key="UnableDownloadConfig" /><Message Language="ENI" Culture="en-IE" Key="UnableDownloadConfig" /><Message Language="ZHH" Culture="zh-HK" Key="UnableDownloadConfig" /><Message Language="ESL" Culture="es-CL" Key="UnableDownloadConfig" /><Message Language="IND" Culture="id-ID" Key="UnableDownloadConfig" /><Message Language="VIE" Culture="vi" Key="UnableDownloadConfig" /><Message Language="LVI" Culture="lv-LV" Key="UnableDownloadConfig" /><Message Language="SLV" Culture="sl-SI" Key="UnableDownloadConfig" /><Message Language="LTH" Culture="lt-LT" Key="UnableDownloadConfig" /><Message Language="MSL" Culture="ms-MY" Key="UnableDownloadConfig" /><Message Language="ETI" Culture="et-EE" Key="UnableDownloadConfig" /><Message Language="RUE" Culture="ru-EE" Key="UnableDownloadConfig" /><Message Language="ENA" Culture="en-AU" Key="UnableDownloadConfig" /><Message Language="AMH" Culture="" Key="UnableDownloadConfig" /><Message Language="AFR" Culture="" Key="UnableDownloadConfig" /><Message Language="AKA" Culture="" Key="UnableDownloadConfig" /><Message Language="ARM" Culture="" Key="UnableDownloadConfig" /><Message Language="ASM" Culture="" Key="UnableDownloadConfig" /><Message Language="AZE" Culture="" Key="UnableDownloadConfig" /><Message Language="BAK" Culture="" Key="UnableDownloadConfig" /><Message Language="BAM" Culture="" Key="UnableDownloadConfig" /><Message Language="BAQ" Culture="" Key="UnableDownloadConfig" /><Message Language="BEL" Culture="" Key="UnableDownloadConfig" /><Message Language="BEM" Culture="" Key="UnableDownloadConfig" /><Message Language="BEN" Culture="" Key="UnableDownloadConfig" /><Message Language="BER" Culture="" Key="UnableDownloadConfig" /><Message Language="BIK" Culture="" Key="UnableDownloadConfig" /><Message Language="BOS" Culture="" Key="UnableDownloadConfig" /><Message Language="BUR" Culture="" Key="UnableDownloadConfig" /><Message Language="CEB" Culture="" Key="UnableDownloadConfig" /><Message Language="CHV" Culture="" Key="UnableDownloadConfig" /><Message Language="DYU" Culture="" Key="UnableDownloadConfig" /><Message Language="EFI" Culture="" Key="UnableDownloadConfig" /><Message Language="EWE" Culture="" Key="UnableDownloadConfig" /><Message Language="FAS" Culture="" Key="UnableDownloadConfig" /><Message Language="FIJ" Culture="" Key="UnableDownloadConfig" /><Message Language="FUL" Culture="" Key="UnableDownloadConfig" /><Message Language="GAA" Culture="" Key="UnableDownloadConfig" /><Message Language="GEO" Culture="" Key="UnableDownloadConfig" /><Message Language="GLG" Culture="" Key="UnableDownloadConfig" /><Message Language="GRN" Culture="" Key="UnableDownloadConfig" /><Message Language="GUJ" Culture="" Key="UnableDownloadConfig" /><Message Language="GWI" Culture="" Key="UnableDownloadConfig" /><Message Language="HAU" Culture="" Key="UnableDownloadConfig" /><Message Language="HIL" Culture="" Key="UnableDownloadConfig" /><Message Language="HIN" Culture="" Key="UnableDownloadConfig" /><Message Language="HRV" Culture="" Key="UnableDownloadConfig" /><Message Language="IBO" Culture="" Key="UnableDownloadConfig" /><Message Language="ILO" Culture="" Key="UnableDownloadConfig" /><Message Language="IPK" Culture="" Key="UnableDownloadConfig" /><Message Language="JAV" Culture="" Key="UnableDownloadConfig" /><Message Language="KAN" Culture="" Key="UnableDownloadConfig" /><Message Language="KAS" Culture="" Key="UnableDownloadConfig" /><Message Language="KAU" Culture="" Key="UnableDownloadConfig" /><Message Language="KAZ" Culture="" Key="UnableDownloadConfig" /><Message Language="KHM" Culture="" Key="UnableDownloadConfig" /><Message Language="KIK" Culture="" Key="UnableDownloadConfig" /><Message Language="KIN" Culture="" Key="UnableDownloadConfig" /><Message Language="KOK" Culture="" Key="UnableDownloadConfig" /><Message Language="KOS" Culture="" Key="UnableDownloadConfig" /><Message Language="KRU" Culture="" Key="UnableDownloadConfig" /><Message Language="KUR" Culture="" Key="UnableDownloadConfig" /><Message Language="LAO" Culture="" Key="UnableDownloadConfig" /><Message Language="LIN" Culture="" Key="UnableDownloadConfig" /><Message Language="LTZ" Culture="" Key="UnableDownloadConfig" /><Message Language="LUA" Culture="" Key="UnableDownloadConfig" /><Message Language="LUG" Culture="" Key="UnableDownloadConfig" /><Message Language="LUO" Culture="" Key="UnableDownloadConfig" /><Message Language="MAC" Culture="" Key="UnableDownloadConfig" /><Message Language="MAD" Culture="" Key="UnableDownloadConfig" /><Message Language="MAH" Culture="" Key="UnableDownloadConfig" /><Message Language="MAL" Culture="" Key="UnableDownloadConfig" /><Message Language="MAN" Culture="" Key="UnableDownloadConfig" /><Message Language="MAR" Culture="" Key="UnableDownloadConfig" /><Message Language="MEN" Culture="" Key="UnableDownloadConfig" /><Message Language="MIN" Culture="" Key="UnableDownloadConfig" /><Message Language="MLG" Culture="" Key="UnableDownloadConfig" /><Message Language="MLT" Culture="" Key="UnableDownloadConfig" /><Message Language="MON" Culture="" Key="UnableDownloadConfig" /><Message Language="MOS" Culture="" Key="UnableDownloadConfig" /><Message Language="NAU" Culture="" Key="UnableDownloadConfig" /><Message Language="NEP" Culture="" Key="UnableDownloadConfig" /><Message Language="NYA" Culture="" Key="UnableDownloadConfig" /><Message Language="ORI" Culture="" Key="UnableDownloadConfig" /><Message Language="ORM" Culture="" Key="UnableDownloadConfig" /><Message Language="PAN" Culture="" Key="UnableDownloadConfig" /><Message Language="PAU" Culture="" Key="UnableDownloadConfig" /><Message Language="PON" Culture="" Key="UnableDownloadConfig" /><Message Language="PUS" Culture="" Key="UnableDownloadConfig" /><Message Language="SAT" Culture="" Key="UnableDownloadConfig" /><Message Language="SIN" Culture="" Key="UnableDownloadConfig" /><Message Language="SMO" Culture="" Key="UnableDownloadConfig" /><Message Language="SNA" Culture="" Key="UnableDownloadConfig" /><Message Language="SND" Culture="" Key="UnableDownloadConfig" /><Message Language="SOM" Culture="" Key="UnableDownloadConfig" /><Message Language="SRP" Culture="" Key="UnableDownloadConfig" /><Message Language="SUN" Culture="" Key="UnableDownloadConfig" /><Message Language="SWA" Culture="" Key="UnableDownloadConfig" /><Message Language="TAM" Culture="" Key="UnableDownloadConfig" /><Message Language="TAT" Culture="" Key="UnableDownloadConfig" /><Message Language="TEL" Culture="" Key="UnableDownloadConfig" /><Message Language="TGK" Culture="" Key="UnableDownloadConfig" /><Message Language="TGL" Culture="" Key="UnableDownloadConfig" /><Message Language="TIB" Culture="" Key="UnableDownloadConfig" /><Message Language="TIR" Culture="" Key="UnableDownloadConfig" /><Message Language="TON" Culture="" Key="UnableDownloadConfig" /><Message Language="TUK" Culture="" Key="UnableDownloadConfig" /><Message Language="TWI" Culture="" Key="UnableDownloadConfig" /><Message Language="UIG" Culture="" Key="UnableDownloadConfig" /><Message Language="UZB" Culture="" Key="UnableDownloadConfig" /><Message Language="WOL" Culture="" Key="UnableDownloadConfig" /><Message Language="XHO" Culture="" Key="UnableDownloadConfig" /><Message Language="YAP" Culture="" Key="UnableDownloadConfig" /><Message Language="YID" Culture="" Key="UnableDownloadConfig" /><Message Language="YOR" Culture="" Key="UnableDownloadConfig" /><Message Language="YPK" Culture="" Key="UnableDownloadConfig" /><Message Language="ZHA" Culture="" Key="UnableDownloadConfig" /><Message Language="ZUL" Culture="" Key="UnableDownloadConfig" /><Message Language="SVF" Culture="sv-FI" Key="UnableDownloadConfig" /><Message Language="ENE" Culture="en-SG" Key="UnableDownloadConfig" /><Message Language="ARA" Culture="ar-SA" Key="ServerProblem" /><Message Language="BGR" Culture="bg-BG" Key="ServerProblem">Понастоящем имаме проблеми с връзката. Моля, затворете защитения браузър и опитайте отново по-късно.</Message><Message Language="CAT" Culture="ca-ES" Key="ServerProblem" /><Message Language="CHT" Culture="zh-TW" Key="ServerProblem">我們目前正遭遇連線問題。請關閉安全瀏覽器，稍後再試。</Message><Message Language="CHS" Culture="zh-CN" Key="ServerProblem">我们目前遇到连接问题。请关闭安全浏览器，稍后再试。</Message><Message Language="CSY" Culture="cs-CZ" Key="ServerProblem" /><Message Language="DAN" Culture="da-DK" Key="ServerProblem" /><Message Language="DEU" Culture="de-DE" Key="ServerProblem">Wir haben zurzeit Verbindungsprobleme. Bitte schlie&amp;#223;en Sie den sicheren Browser und versuchen Sie es sp&amp;#228;ter erneut.</Message><Message Language="DES" Culture="de-CH" Key="ServerProblem" /><Message Language="ELL" Culture="el-GR" Key="ServerProblem" /><Message Language="ENU" Culture="en-US" Key="ServerProblem">We are currently experiencing connection issues. Please close the secure browser and try again later.</Message><Message Language="ENG" Culture="en-GB" Key="ServerProblem" /><Message Language="ESP" Culture="es-ES" Key="ServerProblem" /><Message Language="ESM" Culture="es-MX" Key="ServerProblem">Actualmente estamos experimentando problemas de conexi&amp;#243;n. Por favor, cierre el navegador seguro y vuelva a intentarlo m&amp;#225;s tarde.</Message><Message Language="ESN" Culture="es-ES" Key="ServerProblem" /><Message Language="FIN" Culture="fi-FI" Key="ServerProblem">Yhteysongelmia on t&amp;#228;ll&amp;#228; hetkell&amp;#228;. Sulje suojattu selain ja yrit&amp;#228; my&amp;#246;hemmin uudelleen.</Message><Message Language="FRA" Culture="fr-FR" Key="ServerProblem">Nous rencontrons actuellement des probl&amp;#232;mes de connexion. Veuillez fermer le navigateur s&amp;#233;curis&amp;#233; et r&amp;#233;essayer plus tard.</Message><Message Language="FRB" Culture="fr-BE" Key="ServerProblem" /><Message Language="FRC" Culture="fr-CA" Key="ServerProblem" /><Message Language="FRS" Culture="fr-CH" Key="ServerProblem" /><Message Language="HEB" Culture="he-IL" Key="ServerProblem" /><Message Language="HUN" Culture="hu-HU" Key="ServerProblem" /><Message Language="ISL" Culture="is-IS" Key="ServerProblem" /><Message Language="ITA" Culture="it-IT" Key="ServerProblem" /><Message Language="ITS" Culture="it-CH" Key="ServerProblem" /><Message Language="JPN" Culture="ja-JP" Key="ServerProblem">現在接続の問題が発生しています。安全なブラウザを閉じて、後でもう一度やり直してください。</Message><Message Language="KOR" Culture="ko-KR" Key="ServerProblem">현재 연결 문제가 있습니다. 보안 브라우저를 닫고 나중에 다시 시도하십시오.</Message><Message Language="NLD" Culture="nl-NL" Key="ServerProblem">We ondervinden momenteel verbindingsproblemen. Sluit de beveiligde browser en probeer het later opnieuw.</Message><Message Language="NLB" Culture="nl-BE" Key="ServerProblem" /><Message Language="NOR" Culture="nb-NO" Key="ServerProblem" /><Message Language="NON" Culture="nn-NO" Key="ServerProblem" /><Message Language="PLK" Culture="pl-PL" Key="ServerProblem">Obecnie występują problemy z połączeniem. Zamknij bezpieczną przeglądarkę i spr&amp;#243;buj ponownie p&amp;#243;źniej.</Message><Message Language="PTB" Culture="pt-BR" Key="ServerProblem" /><Message Language="PTG" Culture="pt-PT" Key="ServerProblem" /><Message Language="RMS" Culture="" Key="ServerProblem" /><Message Language="ROM" Culture="ro-RO" Key="ServerProblem">&amp;#206;n prezent, avem probleme de conectare. &amp;#206;nchideți browserul securizat și &amp;#238;ncercați din nou mai t&amp;#226;rziu.</Message><Message Language="RUS" Culture="ru-RU" Key="ServerProblem">В настоящее время возникли проблемы с подключением. Закройте безопасный браузер и повторите попытку позже.</Message><Message Language="SHL" Culture="" Key="ServerProblem" /><Message Language="SHC" Culture="" Key="ServerProblem" /><Message Language="SKY" Culture="sk-SK" Key="ServerProblem" /><Message Language="SQI" Culture="sq-AL" Key="ServerProblem" /><Message Language="SVE" Culture="sv-SE" Key="ServerProblem" /><Message Language="THA" Culture="th-TH" Key="ServerProblem" /><Message Language="TRK" Culture="tr-TR" Key="ServerProblem" /><Message Language="URD" Culture="ur-PK" Key="ServerProblem" /><Message Language="BAH" Culture="" Key="ServerProblem" /><Message Language="ENC" Culture="en-CA" Key="ServerProblem" /><Message Language="UKR" Culture="uk-UA" Key="ServerProblem" /><Message Language="ESX" Culture="es-410" Key="ServerProblem" /><Message Language="COL" Culture="es-CO" Key="ServerProblem" /><Message Language="EGY" Culture="ar-EG" Key="ServerProblem" /><Message Language="SVK" Culture="sk-SK" Key="ServerProblem" /><Message Language="EST" Culture="es-US" Key="ServerProblem" /><Message Language="ENI" Culture="en-IE" Key="ServerProblem" /><Message Language="ZHH" Culture="zh-HK" Key="ServerProblem" /><Message Language="ESL" Culture="es-CL" Key="ServerProblem" /><Message Language="IND" Culture="id-ID" Key="ServerProblem" /><Message Language="VIE" Culture="vi" Key="ServerProblem" /><Message Language="LVI" Culture="lv-LV" Key="ServerProblem" /><Message Language="SLV" Culture="sl-SI" Key="ServerProblem" /><Message Language="LTH" Culture="lt-LT" Key="ServerProblem" /><Message Language="MSL" Culture="ms-MY" Key="ServerProblem" /><Message Language="ETI" Culture="et-EE" Key="ServerProblem" /><Message Language="RUE" Culture="ru-EE" Key="ServerProblem" /><Message Language="ENA" Culture="en-AU" Key="ServerProblem" /><Message Language="AMH" Culture="" Key="ServerProblem" /><Message Language="AFR" Culture="" Key="ServerProblem" /><Message Language="AKA" Culture="" Key="ServerProblem" /><Message Language="ARM" Culture="" Key="ServerProblem" /><Message Language="ASM" Culture="" Key="ServerProblem" /><Message Language="AZE" Culture="" Key="ServerProblem" /><Message Language="BAK" Culture="" Key="ServerProblem" /><Message Language="BAM" Culture="" Key="ServerProblem" /><Message Language="BAQ" Culture="" Key="ServerProblem" /><Message Language="BEL" Culture="" Key="ServerProblem" /><Message Language="BEM" Culture="" Key="ServerProblem" /><Message Language="BEN" Culture="" Key="ServerProblem" /><Message Language="BER" Culture="" Key="ServerProblem" /><Message Language="BIK" Culture="" Key="ServerProblem" /><Message Language="BOS" Culture="" Key="ServerProblem" /><Message Language="BUR" Culture="" Key="ServerProblem" /><Message Language="CEB" Culture="" Key="ServerProblem" /><Message Language="CHV" Culture="" Key="ServerProblem" /><Message Language="DYU" Culture="" Key="ServerProblem" /><Message Language="EFI" Culture="" Key="ServerProblem" /><Message Language="EWE" Culture="" Key="ServerProblem" /><Message Language="FAS" Culture="" Key="ServerProblem" /><Message Language="FIJ" Culture="" Key="ServerProblem" /><Message Language="FUL" Culture="" Key="ServerProblem" /><Message Language="GAA" Culture="" Key="ServerProblem" /><Message Language="GEO" Culture="" Key="ServerProblem" /><Message Language="GLG" Culture="" Key="ServerProblem" /><Message Language="GRN" Culture="" Key="ServerProblem" /><Message Language="GUJ" Culture="" Key="ServerProblem" /><Message Language="GWI" Culture="" Key="ServerProblem" /><Message Language="HAU" Culture="" Key="ServerProblem" /><Message Language="HIL" Culture="" Key="ServerProblem" /><Message Language="HIN" Culture="" Key="ServerProblem" /><Message Language="HRV" Culture="" Key="ServerProblem" /><Message Language="IBO" Culture="" Key="ServerProblem" /><Message Language="ILO" Culture="" Key="ServerProblem" /><Message Language="IPK" Culture="" Key="ServerProblem" /><Message Language="JAV" Culture="" Key="ServerProblem" /><Message Language="KAN" Culture="" Key="ServerProblem" /><Message Language="KAS" Culture="" Key="ServerProblem" /><Message Language="KAU" Culture="" Key="ServerProblem" /><Message Language="KAZ" Culture="" Key="ServerProblem" /><Message Language="KHM" Culture="" Key="ServerProblem" /><Message Language="KIK" Culture="" Key="ServerProblem" /><Message Language="KIN" Culture="" Key="ServerProblem" /><Message Language="KOK" Culture="" Key="ServerProblem" /><Message Language="KOS" Culture="" Key="ServerProblem" /><Message Language="KRU" Culture="" Key="ServerProblem" /><Message Language="KUR" Culture="" Key="ServerProblem" /><Message Language="LAO" Culture="" Key="ServerProblem" /><Message Language="LIN" Culture="" Key="ServerProblem" /><Message Language="LTZ" Culture="" Key="ServerProblem" /><Message Language="LUA" Culture="" Key="ServerProblem" /><Message Language="LUG" Culture="" Key="ServerProblem" /><Message Language="LUO" Culture="" Key="ServerProblem" /><Message Language="MAC" Culture="" Key="ServerProblem" /><Message Language="MAD" Culture="" Key="ServerProblem" /><Message Language="MAH" Culture="" Key="ServerProblem" /><Message Language="MAL" Culture="" Key="ServerProblem" /><Message Language="MAN" Culture="" Key="ServerProblem" /><Message Language="MAR" Culture="" Key="ServerProblem" /><Message Language="MEN" Culture="" Key="ServerProblem" /><Message Language="MIN" Culture="" Key="ServerProblem" /><Message Language="MLG" Culture="" Key="ServerProblem" /><Message Language="MLT" Culture="" Key="ServerProblem" /><Message Language="MON" Culture="" Key="ServerProblem" /><Message Language="MOS" Culture="" Key="ServerProblem" /><Message Language="NAU" Culture="" Key="ServerProblem" /><Message Language="NEP" Culture="" Key="ServerProblem" /><Message Language="NYA" Culture="" Key="ServerProblem" /><Message Language="ORI" Culture="" Key="ServerProblem" /><Message Language="ORM" Culture="" Key="ServerProblem" /><Message Language="PAN" Culture="" Key="ServerProblem" /><Message Language="PAU" Culture="" Key="ServerProblem" /><Message Language="PON" Culture="" Key="ServerProblem" /><Message Language="PUS" Culture="" Key="ServerProblem" /><Message Language="SAT" Culture="" Key="ServerProblem" /><Message Language="SIN" Culture="" Key="ServerProblem" /><Message Language="SMO" Culture="" Key="ServerProblem" /><Message Language="SNA" Culture="" Key="ServerProblem" /><Message Language="SND" Culture="" Key="ServerProblem" /><Message Language="SOM" Culture="" Key="ServerProblem" /><Message Language="SRP" Culture="" Key="ServerProblem" /><Message Language="SUN" Culture="" Key="ServerProblem" /><Message Language="SWA" Culture="" Key="ServerProblem" /><Message Language="TAM" Culture="" Key="ServerProblem" /><Message Language="TAT" Culture="" Key="ServerProblem" /><Message Language="TEL" Culture="" Key="ServerProblem" /><Message Language="TGK" Culture="" Key="ServerProblem" /><Message Language="TGL" Culture="" Key="ServerProblem" /><Message Language="TIB" Culture="" Key="ServerProblem" /><Message Language="TIR" Culture="" Key="ServerProblem" /><Message Language="TON" Culture="" Key="ServerProblem" /><Message Language="TUK" Culture="" Key="ServerProblem" /><Message Language="TWI" Culture="" Key="ServerProblem" /><Message Language="UIG" Culture="" Key="ServerProblem" /><Message Language="UZB" Culture="" Key="ServerProblem" /><Message Language="WOL" Culture="" Key="ServerProblem" /><Message Language="XHO" Culture="" Key="ServerProblem" /><Message Language="YAP" Culture="" Key="ServerProblem" /><Message Language="YID" Culture="" Key="ServerProblem" /><Message Language="YOR" Culture="" Key="ServerProblem" /><Message Language="YPK" Culture="" Key="ServerProblem" /><Message Language="ZHA" Culture="" Key="ServerProblem" /><Message Language="ZUL" Culture="" Key="ServerProblem" /><Message Language="SVF" Culture="sv-FI" Key="ServerProblem" /><Message Language="ENE" Culture="en-SG" Key="ServerProblem" /><Message Language="ARA" Culture="ar-SA" Key="Connectionfailure" /><Message Language="BGR" Culture="bg-BG" Key="Connectionfailure">Не можем да заредим началната страница, моля, проверете мрежовата връзка на устройството. Ако компютърът или мрежата ви са защитени от защитна стена или прокси сървър, уверете се, че защитеният браузър има право на достъп до „ %url% “</Message><Message Language="CAT" Culture="ca-ES" Key="Connectionfailure" /><Message Language="CHT" Culture="zh-TW" Key="Connectionfailure">sb 我們無法載入起始頁面，請檢查您裝置的網路連線。如果您的電腦或網路受防火牆或 Proxy 保護，請確保安全瀏覽器可以存取 &amp;quot;%url%&amp;quot;</Message><Message Language="CHS" Culture="zh-CN" Key="Connectionfailure">我们无法加载起始页，请检查您设备的网络连接。如果您的计算机或网络受防火墙或代理保护，请确保允许安全浏览器访问“ %url% ”</Message><Message Language="CSY" Culture="cs-CZ" Key="Connectionfailure" /><Message Language="DAN" Culture="da-DK" Key="Connectionfailure" /><Message Language="DEU" Culture="de-DE" Key="Connectionfailure">Die Startseite kann nicht geladen werden. &amp;#220;berpr&amp;#252;fen Sie die Netzwerkverbindung Ihres Ger&amp;#228;ts. Wenn Ihr Computer oder Netzwerk durch eine Firewall oder einen Proxy gesch&amp;#252;tzt ist, stellen Sie sicher, dass der sichere Browser auf &amp;#39; %url% &amp;#39; zugreifen kann.</Message><Message Language="DES" Culture="de-CH" Key="Connectionfailure" /><Message Language="ELL" Culture="el-GR" Key="Connectionfailure" /><Message Language="ENU" Culture="en-US" Key="Connectionfailure">We are not able to load the start page, please check your device’s network connection. If your computer or network is protected by a firewall or proxy make sure that the secure browser is permitted to access &amp;quot;%url%&amp;quot;</Message><Message Language="ENG" Culture="en-GB" Key="Connectionfailure" /><Message Language="ESP" Culture="es-ES" Key="Connectionfailure" /><Message Language="ESM" Culture="es-MX" Key="Connectionfailure">No podemos cargar la p&amp;#225;gina de inicio, compruebe la conexi&amp;#243;n de red de su dispositivo. Si su computadora o red est&amp;#225; protegida por un servidor de seguridad o proxy, aseg&amp;#250;rese de que el navegador seguro tenga acceso a &amp;#39; %url% &amp;#39;</Message><Message Language="ESN" Culture="es-ES" Key="Connectionfailure" /><Message Language="FIN" Culture="fi-FI" Key="Connectionfailure">Emme voi ladata aloitussivua, tarkista laitteen verkkoyhteys. Jos tietokone tai verkko on suojattu palomuurilla tai v&amp;#228;lityspalvelimella, varmista, ett&amp;#228; suojattu selain saa k&amp;#228;ytt&amp;#228;&amp;#228; &amp;#39; %url% &amp;#39;</Message><Message Language="FRA" Culture="fr-FR" Key="Connectionfailure">Nous ne sommes pas en mesure de charger la page de d&amp;#233;marrage. Veuillez v&amp;#233;rifier la connexion r&amp;#233;seau de votre appareil. Si votre ordinateur ou votre r&amp;#233;seau est prot&amp;#233;g&amp;#233; par un pare-feu ou un proxy, assurez-vous que le navigateur s&amp;#233;curis&amp;#233; est autoris&amp;#233; &amp;#224; acc&amp;#233;der &amp;#224; &amp;#39; %url% &amp;#39;.</Message><Message Language="FRB" Culture="fr-BE" Key="Connectionfailure" /><Message Language="FRC" Culture="fr-CA" Key="Connectionfailure" /><Message Language="FRS" Culture="fr-CH" Key="Connectionfailure" /><Message Language="HEB" Culture="he-IL" Key="Connectionfailure" /><Message Language="HUN" Culture="hu-HU" Key="Connectionfailure" /><Message Language="ISL" Culture="is-IS" Key="Connectionfailure" /><Message Language="ITA" Culture="it-IT" Key="Connectionfailure" /><Message Language="ITS" Culture="it-CH" Key="Connectionfailure" /><Message Language="JPN" Culture="ja-JP" Key="Connectionfailure">スタートページを読み込めません。端末のネットワーク接続を確認してください。コンピュータまたはネットワークがファイアウォールまたはプロキシによって保護されている場合は、安全なブラウザが &amp;#39; %url% &amp;#39;へのアクセスを許可されていることを確認してください。</Message><Message Language="KOR" Culture="ko-KR" Key="Connectionfailure">시작 페이지를로드 할 수 없습니다. 기기의 네트워크 연결을 확인하십시오. 컴퓨터 또는 네트워크가 방화벽이나 프록시로 보호되는 경우 보안 브라우저가 &amp;#39; %url% &amp;#39;에 액세스하도록 허용되어 있는지 확인하십시오</Message><Message Language="NLD" Culture="nl-NL" Key="Connectionfailure">We kunnen de startpagina niet laden. Controleer de netwerkverbinding van uw apparaat. Als uw computer of netwerk wordt beschermd door een firewall of proxy, moet u ervoor zorgen dat de beveiligde browser toegang heeft tot &amp;#39; %url% &amp;#39;</Message><Message Language="NLB" Culture="nl-BE" Key="Connectionfailure" /><Message Language="NOR" Culture="nb-NO" Key="Connectionfailure" /><Message Language="NON" Culture="nn-NO" Key="Connectionfailure" /><Message Language="PLK" Culture="pl-PL" Key="Connectionfailure">Nie jesteśmy w stanie załadować strony startowej, sprawdź połączenie sieciowe urządzenia. Jeśli komputer lub sieć są chronione przez zaporę lub serwer proxy, upewnij się, że bezpieczna przeglądarka ma dostęp do „ %url% ”</Message><Message Language="PTB" Culture="pt-BR" Key="Connectionfailure" /><Message Language="PTG" Culture="pt-PT" Key="Connectionfailure" /><Message Language="RMS" Culture="" Key="Connectionfailure" /><Message Language="ROM" Culture="ro-RO" Key="Connectionfailure">Nu putem &amp;#238;ncărca pagina de start, verificați conexiunea la rețea a dispozitivului. Dacă computerul sau rețeaua dvs. este protejat de un paravan de protecție sau de un proxy, asigurați-vă că browserul securizat are acces la &amp;#39; %url% &amp;#39;</Message><Message Language="RUS" Culture="ru-RU" Key="Connectionfailure">Мы не можем загрузить стартовую страницу, пожалуйста, проверьте сетевое соединение вашего устройства. Если ваш компьютер или сеть защищены брандмауэром или прокси-сервером, убедитесь, что защищенному браузеру разрешен доступ к &amp;#171; %url% &amp;#187;.</Message><Message Language="SHL" Culture="" Key="Connectionfailure" /><Message Language="SHC" Culture="" Key="Connectionfailure" /><Message Language="SKY" Culture="sk-SK" Key="Connectionfailure" /><Message Language="SQI" Culture="sq-AL" Key="Connectionfailure" /><Message Language="SVE" Culture="sv-SE" Key="Connectionfailure" /><Message Language="THA" Culture="th-TH" Key="Connectionfailure" /><Message Language="TRK" Culture="tr-TR" Key="Connectionfailure" /><Message Language="URD" Culture="ur-PK" Key="Connectionfailure" /><Message Language="BAH" Culture="" Key="Connectionfailure" /><Message Language="ENC" Culture="en-CA" Key="Connectionfailure" /><Message Language="UKR" Culture="uk-UA" Key="Connectionfailure" /><Message Language="ESX" Culture="es-410" Key="Connectionfailure" /><Message Language="COL" Culture="es-CO" Key="Connectionfailure" /><Message Language="EGY" Culture="ar-EG" Key="Connectionfailure" /><Message Language="SVK" Culture="sk-SK" Key="Connectionfailure" /><Message Language="EST" Culture="es-US" Key="Connectionfailure" /><Message Language="ENI" Culture="en-IE" Key="Connectionfailure" /><Message Language="ZHH" Culture="zh-HK" Key="Connectionfailure" /><Message Language="ESL" Culture="es-CL" Key="Connectionfailure" /><Message Language="IND" Culture="id-ID" Key="Connectionfailure" /><Message Language="VIE" Culture="vi" Key="Connectionfailure" /><Message Language="LVI" Culture="lv-LV" Key="Connectionfailure" /><Message Language="SLV" Culture="sl-SI" Key="Connectionfailure" /><Message Language="LTH" Culture="lt-LT" Key="Connectionfailure" /><Message Language="MSL" Culture="ms-MY" Key="Connectionfailure" /><Message Language="ETI" Culture="et-EE" Key="Connectionfailure" /><Message Language="RUE" Culture="ru-EE" Key="Connectionfailure" /><Message Language="ENA" Culture="en-AU" Key="Connectionfailure" /><Message Language="AMH" Culture="" Key="Connectionfailure" /><Message Language="AFR" Culture="" Key="Connectionfailure" /><Message Language="AKA" Culture="" Key="Connectionfailure" /><Message Language="ARM" Culture="" Key="Connectionfailure" /><Message Language="ASM" Culture="" Key="Connectionfailure" /><Message Language="AZE" Culture="" Key="Connectionfailure" /><Message Language="BAK" Culture="" Key="Connectionfailure" /><Message Language="BAM" Culture="" Key="Connectionfailure" /><Message Language="BAQ" Culture="" Key="Connectionfailure" /><Message Language="BEL" Culture="" Key="Connectionfailure" /><Message Language="BEM" Culture="" Key="Connectionfailure" /><Message Language="BEN" Culture="" Key="Connectionfailure" /><Message Language="BER" Culture="" Key="Connectionfailure" /><Message Language="BIK" Culture="" Key="Connectionfailure" /><Message Language="BOS" Culture="" Key="Connectionfailure" /><Message Language="BUR" Culture="" Key="Connectionfailure" /><Message Language="CEB" Culture="" Key="Connectionfailure" /><Message Language="CHV" Culture="" Key="Connectionfailure" /><Message Language="DYU" Culture="" Key="Connectionfailure" /><Message Language="EFI" Culture="" Key="Connectionfailure" /><Message Language="EWE" Culture="" Key="Connectionfailure" /><Message Language="FAS" Culture="" Key="Connectionfailure" /><Message Language="FIJ" Culture="" Key="Connectionfailure" /><Message Language="FUL" Culture="" Key="Connectionfailure" /><Message Language="GAA" Culture="" Key="Connectionfailure" /><Message Language="GEO" Culture="" Key="Connectionfailure" /><Message Language="GLG" Culture="" Key="Connectionfailure" /><Message Language="GRN" Culture="" Key="Connectionfailure" /><Message Language="GUJ" Culture="" Key="Connectionfailure" /><Message Language="GWI" Culture="" Key="Connectionfailure" /><Message Language="HAU" Culture="" Key="Connectionfailure" /><Message Language="HIL" Culture="" Key="Connectionfailure" /><Message Language="HIN" Culture="" Key="Connectionfailure" /><Message Language="HRV" Culture="" Key="Connectionfailure" /><Message Language="IBO" Culture="" Key="Connectionfailure" /><Message Language="ILO" Culture="" Key="Connectionfailure" /><Message Language="IPK" Culture="" Key="Connectionfailure" /><Message Language="JAV" Culture="" Key="Connectionfailure" /><Message Language="KAN" Culture="" Key="Connectionfailure" /><Message Language="KAS" Culture="" Key="Connectionfailure" /><Message Language="KAU" Culture="" Key="Connectionfailure" /><Message Language="KAZ" Culture="" Key="Connectionfailure" /><Message Language="KHM" Culture="" Key="Connectionfailure" /><Message Language="KIK" Culture="" Key="Connectionfailure" /><Message Language="KIN" Culture="" Key="Connectionfailure" /><Message Language="KOK" Culture="" Key="Connectionfailure" /><Message Language="KOS" Culture="" Key="Connectionfailure" /><Message Language="KRU" Culture="" Key="Connectionfailure" /><Message Language="KUR" Culture="" Key="Connectionfailure" /><Message Language="LAO" Culture="" Key="Connectionfailure" /><Message Language="LIN" Culture="" Key="Connectionfailure" /><Message Language="LTZ" Culture="" Key="Connectionfailure" /><Message Language="LUA" Culture="" Key="Connectionfailure" /><Message Language="LUG" Culture="" Key="Connectionfailure" /><Message Language="LUO" Culture="" Key="Connectionfailure" /><Message Language="MAC" Culture="" Key="Connectionfailure" /><Message Language="MAD" Culture="" Key="Connectionfailure" /><Message Language="MAH" Culture="" Key="Connectionfailure" /><Message Language="MAL" Culture="" Key="Connectionfailure" /><Message Language="MAN" Culture="" Key="Connectionfailure" /><Message Language="MAR" Culture="" Key="Connectionfailure" /><Message Language="MEN" Culture="" Key="Connectionfailure" /><Message Language="MIN" Culture="" Key="Connectionfailure" /><Message Language="MLG" Culture="" Key="Connectionfailure" /><Message Language="MLT" Culture="" Key="Connectionfailure" /><Message Language="MON" Culture="" Key="Connectionfailure" /><Message Language="MOS" Culture="" Key="Connectionfailure" /><Message Language="NAU" Culture="" Key="Connectionfailure" /><Message Language="NEP" Culture="" Key="Connectionfailure" /><Message Language="NYA" Culture="" Key="Connectionfailure" /><Message Language="ORI" Culture="" Key="Connectionfailure" /><Message Language="ORM" Culture="" Key="Connectionfailure" /><Message Language="PAN" Culture="" Key="Connectionfailure" /><Message Language="PAU" Culture="" Key="Connectionfailure" /><Message Language="PON" Culture="" Key="Connectionfailure" /><Message Language="PUS" Culture="" Key="Connectionfailure" /><Message Language="SAT" Culture="" Key="Connectionfailure" /><Message Language="SIN" Culture="" Key="Connectionfailure" /><Message Language="SMO" Culture="" Key="Connectionfailure" /><Message Language="SNA" Culture="" Key="Connectionfailure" /><Message Language="SND" Culture="" Key="Connectionfailure" /><Message Language="SOM" Culture="" Key="Connectionfailure" /><Message Language="SRP" Culture="" Key="Connectionfailure" /><Message Language="SUN" Culture="" Key="Connectionfailure" /><Message Language="SWA" Culture="" Key="Connectionfailure" /><Message Language="TAM" Culture="" Key="Connectionfailure" /><Message Language="TAT" Culture="" Key="Connectionfailure" /><Message Language="TEL" Culture="" Key="Connectionfailure" /><Message Language="TGK" Culture="" Key="Connectionfailure" /><Message Language="TGL" Culture="" Key="Connectionfailure" /><Message Language="TIB" Culture="" Key="Connectionfailure" /><Message Language="TIR" Culture="" Key="Connectionfailure" /><Message Language="TON" Culture="" Key="Connectionfailure" /><Message Language="TUK" Culture="" Key="Connectionfailure" /><Message Language="TWI" Culture="" Key="Connectionfailure" /><Message Language="UIG" Culture="" Key="Connectionfailure" /><Message Language="UZB" Culture="" Key="Connectionfailure" /><Message Language="WOL" Culture="" Key="Connectionfailure" /><Message Language="XHO" Culture="" Key="Connectionfailure" /><Message Language="YAP" Culture="" Key="Connectionfailure" /><Message Language="YID" Culture="" Key="Connectionfailure" /><Message Language="YOR" Culture="" Key="Connectionfailure" /><Message Language="YPK" Culture="" Key="Connectionfailure" /><Message Language="ZHA" Culture="" Key="Connectionfailure" /><Message Language="ZUL" Culture="" Key="Connectionfailure" /><Message Language="SVF" Culture="sv-FI" Key="Connectionfailure" /><Message Language="ENE" Culture="en-SG" Key="Connectionfailure" /></Messages></SecureBrowser>