﻿<?xml version="1.0" encoding="utf-8" ?>
<NewDataSet>
  <Settings>
    <SoftwareLocation></SoftwareLocation>
  </Settings>
  <SoftwareComponent>
    <Alias />
    <FilePath>\</FilePath>
    <DisplayName />
    <IsRequired>False</IsRequired>
    <FileName>Certiport.Common.dll</FileName>
    <Instruction>UPDATECOM</Instruction>
    <IsInstaller>False</IsInstaller>
    <FileType>DLL</FileType>
    <JSONCustomData>{"SystemCategory":"System\\Console","ContentCategory":""}</JSONCustomData>
  </SoftwareComponent>
  <SoftwareComponent>
    <Alias />
    <FilePath>\</FilePath>
    <DisplayName />
    <IsRequired>False</IsRequired>
    <FileName>Certiport.ExamDelivery.dll</FileName>
    <Instruction>COPY</Instruction>
    <IsInstaller>False</IsInstaller>
    <FileType>DLL</FileType>
    <JSONCustomData>{"SystemCategory":"System\\Console","ContentCategory":""}</JSONCustomData>
  </SoftwareComponent>
  <SoftwareComponent>
    <Alias />
    <FilePath>\</FilePath>
    <DisplayName />
    <IsRequired>False</IsRequired>
    <FileName>Certiport.IF.Common.dll</FileName>
    <Instruction>COPY</Instruction>
    <IsInstaller>False</IsInstaller>
    <FileType>DLL</FileType>
    <JSONCustomData>{"SystemCategory":"System\\Console","ContentCategory":""}</JSONCustomData>
  </SoftwareComponent>
  <SoftwareComponent>
    <Alias />
    <FilePath>\</FilePath>
    <DisplayName />
    <IsRequired>False</IsRequired>
    <FileName>Certiport.DataLibrary.dll</FileName>
    <Instruction>UPDATECOM</Instruction>
    <IsInstaller>False</IsInstaller>
    <FileType>DLL</FileType>
    <JSONCustomData>{"SystemCategory":"System\\Console","ContentCategory":""}</JSONCustomData>
  </SoftwareComponent>
  <SoftwareComponent>
    <Alias />
    <FilePath>\</FilePath>
    <DisplayName />
    <IsRequired>False</IsRequired>
    <FileName>Certiport.UI.Controls.dll</FileName>
    <Instruction>UPDATECOM</Instruction>
    <IsInstaller>False</IsInstaller>
    <FileType>DLL</FileType>
    <JSONCustomData>{"SystemCategory":"System\\Console","ContentCategory":""}</JSONCustomData>
  </SoftwareComponent>
  <SoftwareComponent>
    <Alias />
    <FilePath>\</FilePath>
    <DisplayName />
    <IsRequired>False</IsRequired>
    <FileName>Certiport.BusinessLogic.dll</FileName>
    <Instruction>UPDATECOM</Instruction>
    <IsInstaller>False</IsInstaller>
    <FileType>DLL</FileType>
    <JSONCustomData>{"SystemCategory":"System\\Console","ContentCategory":""}</JSONCustomData>
  </SoftwareComponent>
  <SoftwareComponent>
    <Alias />
    <FilePath>\</FilePath>
    <DisplayName />
    <IsRequired>False</IsRequired>
    <FileName>ConsoleAPIService.dll</FileName>
    <Instruction>COPY</Instruction>
    <IsInstaller>False</IsInstaller>
    <FileType>DLL</FileType>
    <JSONCustomData>{"SystemCategory":"System\\Console","ContentCategory":""}</JSONCustomData>
  </SoftwareComponent>
  <SoftwareComponent>
    <Alias />
    <FilePath>\</FilePath>
    <DisplayName />
    <IsRequired>False</IsRequired>
    <FileName>CertiportConsole.exe</FileName>
    <Instruction>COPY</Instruction>
    <IsInstaller>False</IsInstaller>
    <FileType>EXE</FileType>
    <JSONCustomData>{"SystemCategory":"System\\Console","ContentCategory":""}</JSONCustomData>
  </SoftwareComponent>
  <SoftwareComponent>
    <Alias />
    <FilePath>\</FilePath>
    <DisplayName />
    <IsRequired>True</IsRequired>
    <FileName>CertiportConsole.exe.config</FileName>
    <Instruction>COPY</Instruction>
    <IsInstaller>False</IsInstaller>
    <FileType>UNKNOWN</FileType>
    <JSONCustomData>{"SystemCategory":"System\\Console","ContentCategory":""}</JSONCustomData>
  </SoftwareComponent>
  <SoftwareComponent>
    <Alias />
    <FilePath>\</FilePath>
    <DisplayName />
    <IsRequired>False</IsRequired>
    <FileName>CertiportConsolePreLoader.exe</FileName>
    <Instruction>COPY</Instruction>
    <IsInstaller>False</IsInstaller>
    <FileType>EXE</FileType>
    <JSONCustomData>{"SystemCategory":"System\\Console","ContentCategory":""}</JSONCustomData>
  </SoftwareComponent>
  <SoftwareComponent>
    <Alias />
    <FilePath>\</FilePath>
    <DisplayName />
    <IsRequired>False</IsRequired>
    <FileName>DSFRUtility.exe</FileName>
    <Instruction>FR_UTILITY</Instruction>
    <IsInstaller>False</IsInstaller>
    <FileType>EXE</FileType>
    <JSONCustomData>{"SystemCategory":"System\\Console","ContentCategory":""}</JSONCustomData>
  </SoftwareComponent>
  <SoftwareComponent>
    <Alias />
    <FilePath>\</FilePath>
    <DisplayName />
    <IsRequired>True</IsRequired>
    <FileName>Ionic.Zip.dll</FileName>
    <Instruction>UPDATECOM</Instruction>
    <IsInstaller>False</IsInstaller>
    <FileType>DLL</FileType>
    <JSONCustomData>{"SystemCategory":"System\\Console","ContentCategory":""}</JSONCustomData>
  </SoftwareComponent>
  <SoftwareComponent>
    <Alias />
    <FilePath>\</FilePath>
    <DisplayName />
    <IsRequired>True</IsRequired>
    <FileName>Jayrock.Json.dll</FileName>
    <Instruction>UPDATECOM</Instruction>
    <IsInstaller>False</IsInstaller>
    <FileType>DLL</FileType>
    <JSONCustomData>{"SystemCategory":"System\\Console","ContentCategory":""}</JSONCustomData>
  </SoftwareComponent>
  <SoftwareComponent>
    <Alias />
    <FilePath>\</FilePath>
    <DisplayName />
    <IsRequired>True</IsRequired>
    <FileName>Microsoft.VisualBasic.dll</FileName>
    <Instruction>COPY</Instruction>
    <IsInstaller>False</IsInstaller>
    <FileType>DLL</FileType>
    <JSONCustomData>{"SystemCategory":"System\\Console","ContentCategory":""}</JSONCustomData>
  </SoftwareComponent>
  <SoftwareComponent>
    <Alias />
    <FilePath>\</FilePath>
    <DisplayName />
    <IsRequired>True</IsRequired>
    <FileName>Microsoft.VisualBasic.PowerPacks.Vs.dll</FileName>
    <Instruction>COPY</Instruction>
    <IsInstaller>False</IsInstaller>
    <FileType>DLL</FileType>
    <JSONCustomData>{"SystemCategory":"System\\Console","ContentCategory":""}</JSONCustomData>
  </SoftwareComponent>
  <SoftwareComponent>
    <Alias />
    <FilePath>\</FilePath>
    <DisplayName />
    <IsRequired>True</IsRequired>
    <FileName>Microsoft.VisualBasic.PowerPacks.Vs.xml</FileName>
    <Instruction>COPY</Instruction>
    <IsInstaller>False</IsInstaller>
    <FileType>TXT</FileType>
    <JSONCustomData>{"SystemCategory":"System\\Console","ContentCategory":""}</JSONCustomData>
  </SoftwareComponent>
  <SoftwareComponent>
    <Alias />
    <FilePath>\</FilePath>
    <DisplayName />
    <IsRequired>False</IsRequired>
    <FileName>Newtonsoft.Json.dll</FileName>
    <Instruction>UPDATECOM</Instruction>
    <IsInstaller>False</IsInstaller>
    <FileType>DLL</FileType>
    <JSONCustomData>{"SystemCategory":"System\\Console","ContentCategory":""}</JSONCustomData>
  </SoftwareComponent>
  <SoftwareComponent>
    <Alias />
    <FilePath>\</FilePath>
    <DisplayName />
    <IsRequired>False</IsRequired>
    <FileName>log4net.dll</FileName>
    <Instruction>UPDATECOM</Instruction>
    <IsInstaller>False</IsInstaller>
    <FileType>DLL</FileType>
    <JSONCustomData>{"SystemCategory":"System\\Console","ContentCategory":""}</JSONCustomData>
  </SoftwareComponent>
  <SoftwareComponent>
    <Alias />
    <FilePath>\</FilePath>
    <DisplayName />
    <IsRequired>True</IsRequired>
    <FileName>TallComponents.PDF.Layout.dll</FileName>
    <Instruction>COPY</Instruction>
    <IsInstaller>False</IsInstaller>
    <FileType>DLL</FileType>
    <JSONCustomData>{"SystemCategory":"System\\Console","ContentCategory":""}</JSONCustomData>
  </SoftwareComponent>
  <SoftwareComponent>
    <Alias />
    <FilePath>\</FilePath>
    <DisplayName />
    <IsRequired>False</IsRequired>
    <FileName>u3dapi10.dll</FileName>
    <Instruction>COPY</Instruction>
    <IsInstaller>False</IsInstaller>
    <FileType>DLL</FileType>
    <JSONCustomData>{"SystemCategory":"System\\Console","ContentCategory":""}</JSONCustomData>
  </SoftwareComponent>
  <SoftwareComponent>
    <Alias />
    <DisplayName />
    <IsRequired>True</IsRequired>
    <FileName>CTCConfig.enc</FileName>
    <Instruction>COPY</Instruction>
    <IsInstaller>False</IsInstaller>
    <FileType>UNKNOWN</FileType>
    <JSONCustomData>{"SystemCategory":"System\\Console","ContentCategory":""}</JSONCustomData>
  </SoftwareComponent>
  <SoftwareComponent>
    <Alias />
    <DisplayName />
    <IsRequired>False</IsRequired>
    <FileName>CTCStrings_ENU.enc</FileName>
    <FileType>TXT</FileType>
    <Instruction>COPY</Instruction>
    <IsInstaller>False</IsInstaller>
    <FileType>UNKNOWN</FileType>
    <JSONCustomData>{"SystemCategory":"System\\Console","ContentCategory":""}</JSONCustomData>
  </SoftwareComponent>
  <SoftwareComponent>
    <Alias />
    <FilePath>\</FilePath>
    <DisplayName />
    <IsRequired>False</IsRequired>
    <FileName>ConsoleUpdater.exe</FileName>
    <FileVersion></FileVersion>
    <Instruction>UPDATECOM</Instruction>
    <IsInstaller>False</IsInstaller>
    <FileType>EXE</FileType>
    <JSONCustomData>{"SystemCategory":"System\\Console","ContentCategory":""}</JSONCustomData>
  </SoftwareComponent>
  <SoftwareComponent>
    <Alias />
    <FilePath>\</FilePath>
    <DisplayName />
    <IsRequired>True</IsRequired>
    <FileName>CPExamAPI.dll</FileName>
    <Instruction>COPY</Instruction>
    <IsInstaller>False</IsInstaller>
    <FileType>DLL</FileType>
    <JSONCustomData>{"SystemCategory":"System\\Console","ContentCategory":""}</JSONCustomData>
  </SoftwareComponent>
  <SoftwareComponent>
    <Alias />
    <FilePath>\</FilePath>
    <DisplayName />
    <IsRequired>True</IsRequired>
    <FileName>CPExamCmn.dll</FileName>
    <Instruction>COPY</Instruction>
    <IsInstaller>False</IsInstaller>
    <FileType>DLL</FileType>
    <JSONCustomData>{"SystemCategory":"System\\Console","ContentCategory":""}</JSONCustomData>
  </SoftwareComponent>
  <SoftwareComponent>
    <Alias />
    <FilePath>\</FilePath>
    <DisplayName />
    <IsRequired>False</IsRequired>
    <FileName>Nancy.dll</FileName>
    <Instruction>UPDATECOM</Instruction>
    <IsInstaller>False</IsInstaller>
    <FileType>DLL</FileType>
    <JSONCustomData>{"SystemCategory":"System\\Console","ContentCategory":""}</JSONCustomData>
  </SoftwareComponent>
  <SoftwareComponent>
    <Alias />
    <FilePath>\</FilePath>
    <DisplayName />
    <IsRequired>False</IsRequired>
    <FileName>Nancy.Hosting.Self.dll</FileName>
    <Instruction>UPDATECOM</Instruction>
    <IsInstaller>False</IsInstaller>
    <FileType>DLL</FileType>
    <JSONCustomData>{"SystemCategory":"System\\Console","ContentCategory":""}</JSONCustomData>
  </SoftwareComponent>
  <SoftwareComponent>
    <Alias />
    <FilePath>\</FilePath>
    <DisplayName />
    <IsRequired>False</IsRequired>
    <FileName>Certiport.FileServer.dll</FileName>
    <Instruction>UPDATECOM</Instruction>
    <IsInstaller>False</IsInstaller>
    <FileType>DLL</FileType>
    <JSONCustomData>{"SystemCategory":"System\\Console","ContentCategory":""}</JSONCustomData>
  </SoftwareComponent>
  <SoftwareComponent>
    <Alias />
    <FilePath>\</FilePath>
    <DisplayName />
    <IsRequired>False</IsRequired>
    <FileName>Certiport.DSF.Common.dll</FileName>
    <Instruction>UPDATECOM</Instruction>
    <IsInstaller>False</IsInstaller>
    <FileType>DLL</FileType>
    <JSONCustomData>{"SystemCategory":"System\\Console","ContentCategory":""}</JSONCustomData>
  </SoftwareComponent>
  <SoftwareComponent>
    <Alias />
    <FilePath>\</FilePath>
    <DisplayName />
    <IsRequired>False</IsRequired>
    <FileName>System.Net.Http.dll</FileName>
    <Instruction>COPY</Instruction>
    <IsInstaller>False</IsInstaller>
    <FileType>DLL</FileType>
    <JSONCustomData>{"SystemCategory":"System\\Console","ContentCategory":""}</JSONCustomData>
  </SoftwareComponent>
  <SoftwareComponent>
    <Alias />
    <FilePath>\</FilePath>
    <DisplayName />
    <IsRequired>False</IsRequired>
    <FileName>System.Net.Http.WebRequest.dll</FileName>
    <Instruction>COPY</Instruction>
    <IsInstaller>False</IsInstaller>
    <FileType>DLL</FileType>
    <JSONCustomData>{"SystemCategory":"System\\Console","ContentCategory":""}</JSONCustomData>
  </SoftwareComponent>
</NewDataSet>