<?xml version="1.0" encoding="utf-8"?><SecureBrowser><Messages Language="ENU" culture="en-US"><Message Key="BlacklistProcessShutdown">%process% is not allowed to run during the administration of the exam. The browser has been shut down and a security violation has been logged. To continue testing, terminate this process or contact support for assistance.</Message><Message Key="NavigationError">An attempt to return to the url from which this exam was launched on the internet was unsuccessful.  This may occur if your connection to the internet has been lost.\r\n\r\nPlease click OK to shut down your browser.</Message><Message Key="ShutdownMessage">Closing, Please Wait...</Message><Message Key="CopyFail">The file \%file%\ cannot be copied to your working directory.  This file must be copied to start the test.  Please ensure all files are closed.  Do not close the application, as you will not be able to reopen the application without exiting the test.\r\n\r\nClick Retry after closing the files or Cancel to exit the exam.</Message><Message Key="CopyFailTitle">Unable to Copy Exam Files</Message><Message Key="CtrlAltDelShutdown">You are not allowed to CTRL, ALT, DELETE during this test administration. The browser has been shut down and will need to be restarted. This security violation has been logged.</Message><Message Key="DeleteFail">The file \%file%\ cannot be removed from your working directory.  This file must be removed to start the test.  Please ensure all files are closed.  Do not close the application, as you will not be able to reopen the application without exiting the test.\r\n\r\nClick Retry after closing the files or Cancel to exit the exam.</Message><Message Key="DeleteFailTitle">Unable to Remove Old Working Files</Message><Message Key="RefreshFail">The file \%file%\ cannot be copied to your working directory.  Please ensure all files are closed.  Do not close the application, as you will not be able to reopen the application without exiting the test.\r\n\r\nClick Retry after closing the files or Cancel to exit the exam.</Message><Message Key="RefreshFailTitle">Unable to Refresh Exam File</Message><Message Key="RefreshFilesCancel">Cancel</Message><Message Key="RefreshFilesCopyAll">Copy All</Message><Message Key="RefreshFilesCopySelected">Copy Selected</Message><Message Key="RefreshFilesTitle">Select Files To Update</Message><Message Key="SecureBrowserTitle">Compass</Message><Message Key="StartupMessage">Loading...</Message><Message Key="RequiresAdmin">This secure browser requires administrative privileges.  Please run this secure browser as an Administrator.</Message><Message Key="UnauthorizedAccess">Unauthorized access!</Message><Message Key="NoRemoteDesktopSession">This application cannot be run inside of a Remote Desktop server session</Message><Message Key="SecurityConfigTampered">Security configurations tampered with, will not proceed further.</Message><Message Key="TestSecurityDLL">Unable to load test security!</Message><Message Key="pristineDuplicate">%URID% more than 1 directory found. Click ok to close the application.</Message><Message Key="pristineNotFound">%URID% directory is not found. Click ok to close the application.</Message><Message Key="Closemessage">Secure browser is not running. Click OK to close the [%appname%].</Message><Message Key="PanelTitle">Certification Test</Message><Message Key="Missingdatafile">Missing data file {%name%} in local pristine, please download data files before starting Test.</Message><Message Key="SettingEnvironmentFailed">Setting up the exam environment failed. Please make sure %appname% in %language% has been installed and launched at least once before starting the test.</Message><Message Key="RevertingEnvironmentFailed">Reverting user environment failed (from exam environment)</Message><Message Key="ApplicationNotInstalled">%application% is not installed</Message><Message Key="ApplicationRunning">{%appname%} is already Running Please Close it and Re-Launch the Secure Browser.</Message><Message Key="DotNetNotInstalledTitle">.NET Version not Installed.</Message><Message Key="DotNetNotInstalled">The Secure Browser requires a minimum .NET version of 4.6.2 or higher. Please install it and try again.</Message><Message Key="DataFileWaitingForDownload">Waiting for download</Message><Message Key="DataFileDownloading">Downloading</Message><Message Key="UnableDownloadConfig">Unable to download configuration</Message><Message Key="ServerProblem">We are currently experiencing connection issues. Please close the secure browser and try again later.</Message><Message Key="Connectionfailure">sb We are not able to load the start page, please check your device?s network connection. If your computer or network is protected by a firewall or proxy make sure that the secure browser is permitted to access &amp;quot;%url%&amp;quot;</Message><Message Key="LoadTestSecurityDLL">Unable to load test security</Message><Message Key="Tlsmessage">We are unable to provide a secure connection to the %domain% domain. Please verify that this device has the KB 4099633 Windows security patch installed and try again. %newline% %newline%Install this update by going to Start &amp;gt; Control Panel &amp;gt; System and Security &amp;gt; Windows Update and clicking \&amp;quot;Check for updates\&amp;quot; %newline% %newline%Click OK to find more info on Windows Update or visit %URL% %newline% Click Cancel to exit</Message><Message Key="MissingFileErrorOk">OK</Message><Message Key="MissingFileErrorTitle">Error</Message><Message Key="MissingPristineDateFile">Missing data file [%name%] in local pristine, please download data files before starting Test.</Message><Message Key="ResetSiteMessage">To proceed with reset, if you have opened any applications other than Dreamweaver please close them</Message><Message Key="SecureConnectionFailed">We are unable to establish a secure connection to %domain% due to an invalid certificate.\r\nThis could be caused by your network decrypting secure traffic using TLS interception or SSL inspection. Contact your network administrator to add an exemption for this domain or contact technical support for further assistance.</Message><Message Key="BatchActionFailed">Batch Action file missing. Please make sure once before starting the test.</Message><Message Key="ApplicationStarted">%AppName% is running. If you do not see %AppName% use %keyCombo% to switch to %AppName%, complete the first-time-launch configuration, and then close %AppName%.</Message><Message Key="LongerFileName">Longer filename or directory found.</Message><Message Key="ReadinessApplicationRunning">[%appname%] is already running. Please close it and run the check again.</Message><Message Key="SettingEnvironmentFailedWithErrorCode">Setting up the exam environment failed (Error [%errorcode%]). Please make sure [%appname%] in Language [%language%] has been installed and launched at least once before starting the test.</Message><Message Key="RevertingEnvironmentFailedWithErrorCode">Reverting user environment failed (from exam environment) - (Error [%errorcode%])</Message><Message Key="Continue">Continue</Message><Message Key="Cancel">Cancel</Message><Message Key="MultiProcessTerminate">The processes below need to be closed before you continue.  You have two options: \r\n\r\n • Click the Continue button to have the %SBName% terminate the processes for you. This will lose any unsaved work. \r\n\r\n • Close these processes yourself, then click the Try Again button. To open the Task Manager, press CTRL+SHIFT+ESC and click the Details tab. Right click on the process name and select End Task. \r\n\r\nProcesses Running: %ProcessNames%</Message><Message Key="UpgradeMinimum">This software requires an update. Click OK to update.</Message><Message Key="TryAgain">Try Again</Message><Message Key="Refresh">Refresh</Message><Message Key="RefreshFiles">Refresh Files</Message><Message Key="Select All">Select All</Message><Message Key="ApplicationIsRunning">Can&amp;#39;t quit secure browser while %appname% is running.</Message><Message Key="FixedVersionEdgeNotFound">Fixed version edge files not found! The Secure Browser requires that Microsoft Edge Runtime be in the runtimes folder.</Message></Messages></SecureBrowser>