{
  "MachineName": "ZCM-5CD115T8GR",
  "CurrentUser": "405584",
  "CurrentUserDomain": "PROD",
  "OSVersion": {
    "_version": {
      "Major": 6,
      "Minor": 2,
      "Build": 9200,
      "Revision": 0,
      "MajorRevision": 0,
      "MinorRevision": 0
    },
    "_platform": 2,
    "_servicePack": ""
  },
  "OperatingSystem": "Microsoft Windows 10 Enterprise",
  "Resolution": [
    "1280, 720"
  ],
  "DiskDrives": [
    {
      "Name": "C:\\",
      "AvailableFreeSpace": "148.17 GB",
      "DriveType": 3,
      "IsReady": true,
      "RootDirectory": {
        "OriginalPath": "C:\\",
        "FullPath": "C:\\"
      }
    },
    {
      "Name": "D:\\",
      "AvailableFreeSpace": "27.31 GB",
      "DriveType": 2,
      "IsReady": true,
      "RootDirectory": {
        "OriginalPath": "D:\\",
        "FullPath": "D:\\"
      }
    },
    {
      "Name": "E:\\",
      "AvailableFreeSpace": "134 KB",
      "DriveType": 2,
      "IsReady": true,
      "RootDirectory": {
        "OriginalPath": "E:\\",
        "FullPath": "E:\\"
      }
    },
    {
      "Name": "S:\\",
      "AvailableFreeSpace": "200.32 GB",
      "DriveType": 4,
      "IsReady": true,
      "RootDirectory": {
        "OriginalPath": "S:\\",
        "FullPath": "S:\\"
      }
    }
  ],
  "IPAddresses": [
    "10.41.3.153",
    "10.0.0.251",
    "::1"
  ],
  "ConsoleInstallRegistryPath": null,
  "ConsoleInstallDir": null,
  "ConsoleVersion": "Console Not Installed",
  "FlashPluginDirectory": null,
  "FlashPluginVersion": null,
  "DotNet_v4_Full_Version": "4.8.04084",
  "DotNet_v4_Client_Version": "4.8.04084",
  "DotNet_v3_5_Version": "3.5.30729.4926",
  "DotNet_v3_0_Version": "3.0.30729.4926",
  "DotNet_v2_Version": "2.0.50727.4927",
  "DotNet_4_5_2": true,
  "CPExamServiceDirectory": null,
  "IsCPExamServiceRunning": false,
  "Word": "C:\\Program Files\\Microsoft Office\\Root\\Office16\\",
  "Excel": "C:\\Program Files\\Microsoft Office\\Root\\Office16\\",
  "PowerPoint": "C:\\Program Files\\Microsoft Office\\Root\\Office16\\",
  "Outlook": "C:\\Program Files\\Microsoft Office\\Root\\Office16\\",
  "WasDiagnosticsRanAsAdmin": false,
  "IsUserMachineAdmin": false,
  "IsUserPowerUser": false,
  "SystemInformation": {
    "DragFullWindows": "True",
    "HighContrast": "False",
    "MouseWheelScrollLines": "3",
    "PrimaryMonitorSize": "{Width=1280, Height=720}",
    "VerticalScrollBarWidth": "17",
    "HorizontalScrollBarHeight": "17",
    "CaptionHeight": "23",
    "BorderSize": "{Width=1, Height=1}",
    "FixedFrameBorderSize": "{Width=3, Height=3}",
    "VerticalScrollBarThumbHeight": "17",
    "HorizontalScrollBarThumbWidth": "17",
    "IconSize": "{Width=32, Height=32}",
    "CursorSize": "{Width=32, Height=32}",
    "MenuFont": "[Font: Name=Segoe UI, Size=12, Units=0, GdiCharSet=1, GdiVerticalFont=False]",
    "MenuHeight": "20",
    "PowerStatus": "System.Windows.Forms.PowerStatus",
    "WorkingArea": "{X=0,Y=0,Width=1280,Height=689}",
    "KanjiWindowHeight": "0",
    "MousePresent": "True",
    "VerticalScrollBarArrowHeight": "17",
    "HorizontalScrollBarArrowWidth": "17",
    "DebugOS": "False",
    "MouseButtonsSwapped": "False",
    "MinimumWindowSize": "{Width=136, Height=39}",
    "CaptionButtonSize": "{Width=36, Height=22}",
    "FrameBorderSize": "{Width=8, Height=8}",
    "MinWindowTrackSize": "{Width=136, Height=39}",
    "DoubleClickSize": "{Width=4, Height=4}",
    "DoubleClickTime": "500",
    "IconSpacingSize": "{Width=75, Height=75}",
    "RightAlignedMenus": "False",
    "PenWindows": "False",
    "DbcsEnabled": "False",
    "MouseButtons": "16",
    "Secure": "False",
    "Border3DSize": "{Width=2, Height=2}",
    "MinimizedWindowSpacingSize": "{Width=237, Height=39}",
    "SmallIconSize": "{Width=16, Height=16}",
    "ToolWindowCaptionHeight": "23",
    "ToolWindowCaptionButtonSize": "{Width=22, Height=22}",
    "MenuButtonSize": "{Width=19, Height=19}",
    "ArrangeStartingPosition": "Hide",
    "ArrangeDirection": "Left",
    "MinimizedWindowSize": "{Width=237, Height=39}",
    "MaxWindowTrackSize": "{Width=1300, Height=740}",
    "PrimaryMonitorMaximizedWindowSize": "{Width=1296, Height=705}",
    "Network": "True",
    "TerminalServerSession": "False",
    "BootMode": "Normal",
    "DragSize": "{Width=4, Height=4}",
    "ShowSounds": "False",
    "MenuCheckSize": "{Width=15, Height=15}",
    "MidEastEnabled": "False",
    "NativeMouseWheelSupport": "True",
    "MouseWheelPresent": "True",
    "VirtualScreen": "{X=0,Y=0,Width=1280,Height=720}",
    "MonitorCount": "1",
    "MonitorsSameDisplayFormat": "True",
    "ComputerName": "ZCM-5CD115T8GR",
    "UserDomainName": "PROD",
    "UserInteractive": "True",
    "UserName": "405584",
    "IsDropShadowEnabled": "True",
    "IsFlatMenuEnabled": "True",
    "IsFontSmoothingEnabled": "True",
    "FontSmoothingContrast": "1200",
    "FontSmoothingType": "2",
    "IconHorizontalSpacing": "75",
    "IconVerticalSpacing": "75",
    "IsIconTitleWrappingEnabled": "True",
    "MenuAccessKeysUnderlined": "False",
    "KeyboardDelay": "1",
    "IsKeyboardPreferred": "False",
    "KeyboardSpeed": "31",
    "MouseHoverSize": "{Width=4, Height=4}",
    "MouseHoverTime": "400",
    "MouseSpeed": "10",
    "IsSnapToDefaultEnabled": "False",
    "PopupMenuAlignment": "Right",
    "IsMenuFadeEnabled": "True",
    "MenuShowDelay": "400",
    "IsComboBoxAnimationEnabled": "True",
    "IsTitleBarGradientEnabled": "True",
    "IsHotTrackingEnabled": "True",
    "IsListBoxSmoothScrollingEnabled": "True",
    "IsMenuAnimationEnabled": "True",
    "IsSelectionFadeEnabled": "True",
    "IsToolTipAnimationEnabled": "True",
    "UIEffectsEnabled": "True",
    "IsActiveWindowTrackingEnabled": "False",
    "ActiveWindowTrackingDelay": "0",
    "IsMinimizeRestoreAnimationEnabled": "False",
    "BorderMultiplierFactor": "1",
    "CaretBlinkTime": "530",
    "CaretWidth": "1",
    "MouseWheelScrollDelta": "120",
    "VerticalFocusThickness": "1",
    "HorizontalFocusThickness": "1",
    "VerticalResizeBorderThickness": "8",
    "HorizontalResizeBorderThickness": "8",
    "ScreenOrientation": "Angle0",
    "SizingBorderWidth": "5",
    "SmallCaptionButtonSize": "{Width=22, Height=22}",
    "MenuBarButtonSize": "{Width=19, Height=19}"
  },
  "EnvironmentInformation": {
    "TickCount": "510390",
    "ExitCode": "0",
    "CommandLine": "\"D:\\Abby call Brendan before opening\\Admin Thing\\DriverDiagnostics.exe\" ",
    "CurrentDirectory": "D:\\Abby call Brendan before opening\\Admin Thing",
    "SystemDirectory": "C:\\Windows\\system32",
    "MachineName": "ZCM-5CD115T8GR",
    "ProcessorCount": "8",
    "SystemPageSize": "4096",
    "NewLine": "\r\n",
    "Version": "4.0.30319.42000",
    "WorkingSet": "39702528",
    "OSVersion": "Microsoft Windows NT 6.2.9200.0",
    "StackTrace": "   at System.Environment.GetStackTrace(Exception e, Boolean needFileInfo)\r\n   at System.Environment.get_StackTrace()\r\n   at System.RuntimeMethodHandle.InvokeMethod(Object target, Object[] arguments, Signature sig, Boolean constructor)\r\n   at System.Reflection.RuntimeMethodInfo.UnsafeInvokeInternal(Object obj, Object[] parameters, Object[] arguments)\r\n   at System.Reflection.RuntimeMethodInfo.Invoke(Object obj, BindingFlags invokeAttr, Binder binder, Object[] parameters, CultureInfo culture)\r\n   at System.Reflection.RuntimePropertyInfo.GetValue(Object obj, BindingFlags invokeAttr, Binder binder, Object[] index, CultureInfo culture)\r\n   at System.Reflection.RuntimePropertyInfo.GetValue(Object obj, Object[] index)\r\n   at DriverDiagnostics.MachineInfo.get_EnvironmentInformation()\r\n   at GetEnvironmentInformation(Object )\r\n   at Newtonsoft.Json.Serialization.DynamicValueProvider.GetValue(Object target)\r\n   at Newtonsoft.Json.Serialization.JsonSerializerInternalWriter.CalculatePropertyValues(JsonWriter writer, Object value, JsonContainerContract contract, JsonProperty member, JsonProperty property, JsonContract& memberContract, Object& memberValue)\r\n   at Newtonsoft.Json.Serialization.JsonSerializerInternalWriter.SerializeObject(JsonWriter writer, Object value, JsonObjectContract contract, JsonProperty member, JsonContainerContract collectionContract, JsonProperty containerProperty)\r\n   at Newtonsoft.Json.Serialization.JsonSerializerInternalWriter.SerializeValue(JsonWriter writer, Object value, JsonContract valueContract, JsonProperty member, JsonContainerContract containerContract, JsonProperty containerProperty)\r\n   at Newtonsoft.Json.Serialization.JsonSerializerInternalWriter.Serialize(JsonWriter jsonWriter, Object value, Type objectType)\r\n   at Newtonsoft.Json.JsonSerializer.SerializeInternal(JsonWriter jsonWriter, Object value, Type objectType)\r\n   at Newtonsoft.Json.JsonConvert.SerializeObjectInternal(Object value, Type type, JsonSerializer jsonSerializer)\r\n   at DriverDiagnostics.Program.CollectMachineState()\r\n   at DriverDiagnostics.Program.Main(String[] args)",
    "Is64BitProcess": "False",
    "Is64BitOperatingSystem": "True",
    "HasShutdownStarted": "False",
    "UserName": "405584",
    "UserInteractive": "True",
    "UserDomainName": "PROD",
    "CurrentManagedThreadId": "1"
  }
}